{
    "step1_background": 409.2291088104248,
    "step2_text": 279.8428268432617,
    "step3_composite": 284.5922977924347,
    "step1_count": 46,
    "step2_count": 80,
    "step3_count": 94,
    "total_count": 94,
    "total_time": 975.4242167472839
}